{"fragments": [{"start": 0, "end": 2.249999999999998, "fragment-type": "normal"}, {"start": 2.249999999999998, "end": 3.7499999999999942, "fragment-type": "normal"}, {"start": 3.7499999999999942, "end": 5.249999999999991, "fragment-type": "normal"}, {"start": 5.249999999999991, "end": 7.749999999999984, "fragment-type": "normal"}]}